<?xml version="1.0" encoding="UTF-8" standalone="no"?>
<catalog prefer="public" xmlns="urn:oasis:names:tc:entity:xmlns:xml:catalog">
    <uri id="Imports Wizard Entry" name="http://purl.obolibrary.org/obo/bfo/2014-05-03/bfo.owl" uri="bfo.owl"/>
    <uri id="Imports Wizard Entry" name="http://medicis.univ-rennes1.fr/ontologies/ontospm/Radionuclides_for_OntoMEDIRAD.owl" uri="Radionuclides_for_OntoMEDIRAD.owl"/>
    <group id="Folder Repository, directory=, recursive=true, Auto-Update=true, version=2" prefer="public" xml:base="">
        <uri id="Automatically generated entry, Timestamp=1549372711221" name="http://medicis.univ-rennes1.fr/ontologies/ontospm/IAO_for_OntoSPM.owl" uri="IAO_for_OntoSPM.owl"/>
        <uri id="Automatically generated entry, Timestamp=1549372711221" name="http://medicis.univ-rennes1.fr/ontologies/ontospm/MEDIRADClinicalResearchStudies.owl" uri="MEDIRADClinicalResearchStudies.owl"/>
        <uri id="Automatically generated entry, Timestamp=1549372711221" name="duplicate:http://medicis.univ-rennes1.fr/ontologies/ontospm/OntoMEDIRAD.owl" uri="ontoMedirad.owl"/>
        <uri id="Automatically generated entry, Timestamp=1549372711221" name="duplicate:http://medicis.univ-rennes1.fr/ontologies/ontospm/OntoMEDIRAD.owl" uri="ontoMediradFull.owl"/>
        <uri id="Automatically generated entry, Timestamp=1549372711221" name="http://medicis.univ-rennes1.fr/ontologies/ontospm/Radionuclides_for_OntoMEDIRAD.owl" uri="Radionuclides_for_OntoMEDIRAD.owl"/>
        <uri id="Automatically generated entry, Timestamp=1549372711221" name="http://medicis.univ-rennes1.fr/ontologies/radiopharmaceuticals.owl" uri="radiopharmaceuticals.owl"/>
        <uri id="Automatically generated entry, Timestamp=1549372711221" name="http://ontofox.hegroup.org/CHEBI_for_OntoMEDIRAD.owl" uri="CHEBI_for_OntoMEDIRAD.owl"/>
        <uri id="Automatically generated entry, Timestamp=1549372711221" name="http://ontofox.hegroup.org/FMA_for_OntoMEDIRAD.owl" uri="FMA_for_OntoMEDIRAD.owl"/>
        <uri id="Automatically generated entry, Timestamp=1549372711221" name="http://ontofox.hegroup.org/PATO_for_OntoMEDIRAD.owl" uri="PATO_for_OntoMEDIRAD.owl"/>
        <uri id="Automatically generated entry, Timestamp=1549372711221" name="http://ontofox.hegroup.org/UO_for_OntoMEDIRAD.owl" uri="UO_for_OntoMEDIRAD.owl"/>
        <uri id="Automatically generated entry, Timestamp=1549372711221" name="http://purl.obolibrary.org/obo/bfo.owl" uri="bfo.owl"/>
        <uri id="Automatically generated entry, Timestamp=1549372711221" name="http://www.w3.org/2004/02/skos/core" uri="skos.rdf"/>
    </group>
</catalog>
